date,asset,close,volume,amount,momentum_5d,reversal_5d,quality,size,volatility,label_ret_1d
2025-01-02,AAA,101.20,1200000,121440000,0.021,-0.010,0.44,12.1,0.018,0.004
2025-01-02,BBB,48.30,880000,42504000,-0.006,0.012,0.57,10.4,0.026,-0.002
2025-01-02,CCC,73.80,640000,47232000,0.014,-0.004,0.31,11.2,0.021,0.001
2025-01-03,AAA,101.70,1180000,120006000,0.024,-0.009,0.45,12.1,0.019,0.003
2025-01-03,BBB,48.10,910000,43771000,-0.008,0.014,0.56,10.4,0.027,-0.001
2025-01-03,CCC,74.05,650000,48132500,0.016,-0.005,0.32,11.2,0.020,0.002
2025-01-06,AAA,102.10,1210000,123541000,0.026,-0.011,0.45,12.1,0.018,0.005
2025-01-06,BBB,47.95,940000,45073000,-0.010,0.015,0.55,10.4,0.028,-0.003
2025-01-06,CCC,74.25,630000,46777500,0.018,-0.006,0.33,11.2,0.020,0.001
